cdgeb-file-01,cdgeb-server-04
cdgeb-file-02,cdgeb-server-14
cdgeb-file-03,cdgeb-server-12
cdgeb-file-04,cdgeb-server-17
cdgeb-file-05,cdgeb-server-07
cdgeb-file-06,cdgeb-server-08
cdgeb-file-07,cdgeb-server-06
cdgeb-file-08,cdgeb-server-01
cdgeb-file-09,cdgeb-server-10
cdgeb-file-10,cdgeb-server-02
cdgeb-file-11,cdgeb-server-15
cdgeb-file-12,cdgeb-server-09
cdgeb-file-13,cdgeb-server-05
cdgeb-file-14,cdgeb-server-16
cdgeb-file-15,cdgeb-server-13
cdgeb-file-16,cdgeb-server-03
cdgeb-file-17,cdgeb-server-11